                  epoch,         train/box_loss,         train/cls_loss,         train/dfl_loss,   metrics/precision(B),      metrics/recall(B),       metrics/mAP50(B),    metrics/mAP50-95(B),           val/box_loss,           val/cls_loss,           val/dfl_loss,                 lr/pg0,                 lr/pg1,                 lr/pg2
                      1,                0.73689,                 2.0624,                 1.2062,                0.83025,                0.84922,                0.90643,                0.84463,                0.61974,                0.63136,                 1.3725,              0.0033239,              0.0033239,              0.0033239
                      2,                0.61078,                 1.0522,                 1.0971,                0.91772,                0.85734,                0.94589,                0.83237,                0.62773,                0.60482,                 1.3043,              0.0066352,              0.0066352,              0.0066352
                      3,                0.70212,                 1.0868,                 1.1458,                0.75587,                   0.65,                0.52033,                0.47014,                0.59158,                 1.2101,                 1.3596,              0.0099246,              0.0099246,              0.0099246
                      4,                0.76615,                 1.1402,                 1.1854,                0.73162,                0.98333,                0.98376,                0.62025,                0.90957,                 1.2287,                 1.6261,               0.009901,               0.009901,               0.009901
                      5,                0.74962,                  1.066,                 1.1774,                0.71484,                0.73876,                0.70842,                0.60653,                0.77127,                 1.3266,                 1.3997,               0.009901,               0.009901,               0.009901
                      6,                0.73093,                0.99629,                 1.1699,                0.81063,                0.80742,                0.85746,                0.77015,                0.63837,                0.89189,                 1.2588,               0.009868,               0.009868,               0.009868
                      7,                  0.712,                0.93125,                 1.1619,                0.91905,                 0.7882,                0.94542,                0.90291,                0.56146,                0.60938,                 1.2333,               0.009835,               0.009835,               0.009835
                      8,                0.69414,                0.90629,                  1.141,                0.89375,                0.92357,                 0.9627,                 0.9003,                0.70276,                0.66273,                 1.3236,               0.009802,               0.009802,               0.009802
                      9,                0.67746,                0.86779,                 1.1296,                0.90601,                0.81153,                0.90201,                0.85133,                0.52333,                0.58989,                 1.1551,               0.009769,               0.009769,               0.009769
                     10,                0.66452,                0.83306,                 1.1297,                0.88035,                0.95442,                0.96795,                0.92504,                0.52367,                0.56154,                 1.2488,               0.009736,               0.009736,               0.009736
                     11,                0.65267,                 0.7953,                 1.1158,                0.79103,                0.95395,                0.95646,                0.92872,                0.39491,                0.51271,                  1.019,               0.009703,               0.009703,               0.009703
                     12,                0.64435,                0.78615,                 1.1171,                0.94758,                0.95577,                0.99421,                0.89509,                0.67052,                 0.5238,                  1.411,                0.00967,                0.00967,                0.00967
                     13,                0.62972,                0.75014,                 1.1102,                0.97047,                0.94037,                0.99421,                0.94411,                0.43675,                 0.4725,                 1.0905,               0.009637,               0.009637,               0.009637
                     14,                0.62679,                 0.7401,                 1.1086,                0.85306,                0.97702,                0.95505,                0.87622,                0.41999,                0.55643,                 1.0296,               0.009604,               0.009604,               0.009604
                     15,                0.62381,                0.72878,                 1.1095,                0.89966,                0.96708,                0.99222,                0.89083,                0.55375,                0.47339,                 1.2028,               0.009571,               0.009571,               0.009571
                     16,                0.61309,                0.71399,                 1.0985,                0.94424,                0.97537,                  0.995,                0.95106,                0.43778,                0.42023,                 1.1094,               0.009538,               0.009538,               0.009538
                     17,                0.61255,                0.70619,                  1.095,                0.94149,                0.95685,                0.99341,                0.95126,                0.45204,                0.38845,                  1.088,               0.009505,               0.009505,               0.009505
                     18,                0.60398,                 0.6947,                 1.0929,                0.90958,                0.80981,                0.93657,                0.86361,                0.54517,                0.65688,                 1.1608,               0.009472,               0.009472,               0.009472
                     19,                0.59785,                0.66955,                 1.0852,                0.94169,                0.97261,                0.98591,                 0.8935,                0.52526,                0.35326,                 1.1995,               0.009439,               0.009439,               0.009439
                     20,                0.59882,                0.66966,                 1.0896,                0.98855,                0.93839,                0.99421,                0.93259,                0.47566,                0.42525,                 1.1221,               0.009406,               0.009406,               0.009406
                     21,                0.58634,                0.65759,                 1.0768,                0.95105,                0.99576,                  0.995,                0.94097,                0.57738,                0.46088,                 1.2233,               0.009373,               0.009373,               0.009373
                     22,                0.59021,                 0.6589,                 1.0838,                0.97184,                0.99012,                  0.995,                0.93847,                0.47093,                0.26978,                 1.0925,                0.00934,                0.00934,                0.00934
                     23,                0.58243,                0.63495,                 1.0798,                0.93951,                0.96911,                0.99222,                0.95744,                0.44534,                0.39643,                  1.105,               0.009307,               0.009307,               0.009307
                     24,                0.58316,                0.62801,                 1.0821,                 0.9642,                      1,                  0.995,                0.96613,                0.40992,                0.24945,                 1.0806,               0.009274,               0.009274,               0.009274
                     25,                0.57629,                0.62665,                 1.0796,                0.96334,                      1,                  0.995,                0.96654,                0.34005,                0.37243,                0.99019,               0.009241,               0.009241,               0.009241
                     26,                0.57586,                0.62478,                 1.0703,                0.95607,                0.98801,                  0.995,                0.95889,                0.43061,                0.25828,                 1.0925,               0.009208,               0.009208,               0.009208
                     27,                0.56943,                0.59769,                 1.0688,                0.95794,                0.94006,                0.99056,                0.96196,                0.35784,                0.31588,                0.99359,               0.009175,               0.009175,               0.009175
                     28,                 0.5629,                0.60154,                 1.0632,                0.93556,                0.96667,                0.97946,                0.89775,                0.58817,                0.39401,                 1.2126,               0.009142,               0.009142,               0.009142
                     29,                 0.5628,                0.59725,                 1.0619,                0.94152,                0.96838,                0.97727,                0.91733,                0.43029,                0.29352,                 1.1103,               0.009109,               0.009109,               0.009109
                     30,                0.56072,                  0.583,                 1.0668,                0.95833,                0.98333,                0.98389,                0.95652,                0.41884,                 0.2704,                 1.0681,               0.009076,               0.009076,               0.009076
                     31,                0.55838,                0.58705,                 1.0636,                0.94896,                0.97355,                  0.995,                0.96381,                0.28622,                0.28053,                0.95805,               0.009043,               0.009043,               0.009043
                     32,                0.55024,                0.57505,                 1.0597,                0.97196,                0.95255,                0.99348,                 0.9641,                 0.3935,                0.31645,                 1.0646,                0.00901,                0.00901,                0.00901
                     33,                0.54746,                0.57022,                 1.0582,                0.94625,                0.95844,                  0.995,                0.93999,                 0.5062,                0.33486,                 1.1628,               0.008977,               0.008977,               0.008977
                     34,                0.54943,                0.56476,                 1.0592,                0.94249,                0.98941,                0.98944,                0.92821,                0.45405,                0.33916,                 1.0609,               0.008944,               0.008944,               0.008944
                     35,                0.54635,                0.57618,                 1.0564,                0.91577,                0.94109,                0.96891,                0.95307,                0.39253,                0.35635,                 1.0837,               0.008911,               0.008911,               0.008911
                     36,                 0.5392,                0.55292,                 1.0537,                0.98041,                   0.95,                0.99262,                0.97557,                0.33965,                0.29207,                0.98202,               0.008878,               0.008878,               0.008878
                     37,                0.54104,                0.55383,                  1.054,                0.95046,                0.98557,                  0.995,                0.95118,                0.47479,                0.23918,                 1.1746,               0.008845,               0.008845,               0.008845
                     38,                0.53235,                 0.5465,                 1.0437,                 0.9764,                0.97785,                  0.995,                0.97738,                0.29908,                0.21099,                0.99067,               0.008812,               0.008812,               0.008812
                     39,                 0.5325,                0.54619,                 1.0434,                0.95797,                0.98314,                  0.995,                0.96471,                0.45209,                0.24374,                 1.1051,               0.008779,               0.008779,               0.008779
                     40,                 0.5368,                0.54913,                 1.0443,                0.92539,                0.93333,                0.97558,                0.95657,                0.39773,                0.28477,                 1.0876,               0.008746,               0.008746,               0.008746
                     41,                0.53342,                0.53692,                 1.0434,                0.95016,                0.94028,                0.97775,                0.93858,                 0.6073,                0.32509,                 1.2485,               0.008713,               0.008713,               0.008713
                     42,                0.53106,                0.52469,                  1.047,                0.96224,                 0.9735,                0.99348,                0.96586,                  0.386,                0.26149,                 1.0605,                0.00868,                0.00868,                0.00868
                     43,                0.52829,                0.52107,                 1.0454,                0.97443,                0.97979,                0.99421,                0.96456,                 0.3812,                0.25962,                 1.0359,               0.008647,               0.008647,               0.008647
                     44,                  0.526,                0.52672,                 1.0436,                0.96926,                0.96667,                0.97796,                0.95717,                0.38259,                0.26701,                 1.0633,               0.008614,               0.008614,               0.008614
                     45,                0.52152,                0.52987,                 1.0387,                0.96042,                0.93881,                  0.995,                0.97247,                0.30651,                0.25727,                 0.9649,               0.008581,               0.008581,               0.008581
                     46,                0.51701,                0.51425,                 1.0378,                0.95769,                0.96776,                0.99421,                0.96945,                0.35453,                0.32713,                0.99761,               0.008548,               0.008548,               0.008548
                     47,                0.52606,                0.51872,                 1.0455,                0.91217,                      1,                0.99183,                0.97451,                0.32532,                0.25525,                0.95389,               0.008515,               0.008515,               0.008515
                     48,                0.52016,                0.51222,                 1.0393,                0.97415,                 0.9795,                0.99421,                0.96896,                0.38041,                0.31117,                 1.0421,               0.008482,               0.008482,               0.008482
                     49,                0.51959,                0.51338,                 1.0372,                0.97243,                0.98689,                  0.995,                0.91728,                0.35698,                0.25304,                 1.0045,               0.008449,               0.008449,               0.008449
                     50,                0.51063,                0.49535,                 1.0324,                0.97257,                0.97299,                  0.995,                0.97534,                0.38629,                0.23322,                 1.0456,               0.008416,               0.008416,               0.008416
                     51,                0.51138,                0.49803,                 1.0338,                0.92291,                0.97085,                0.99022,                0.95823,                 0.3937,                0.29787,                 1.0484,               0.008383,               0.008383,               0.008383
                     52,                 0.5192,                0.49882,                 1.0368,                0.93512,                0.97762,                0.99024,                0.97365,                0.31181,                0.28338,                0.92349,                0.00835,                0.00835,                0.00835
                     53,                0.51926,                0.50034,                 1.0407,                0.97002,                0.97452,                0.99421,                0.97608,                0.31676,                0.23549,                0.98234,               0.008317,               0.008317,               0.008317
                     54,                0.50849,                 0.4971,                  1.036,                0.97274,                0.97979,                0.99421,                 0.9802,                0.28531,                 0.2253,                0.93576,               0.008284,               0.008284,               0.008284
                     55,                0.50925,                0.48256,                 1.0316,                0.97175,                0.98758,                  0.995,                0.97017,                0.36499,                0.22373,                 1.0305,               0.008251,               0.008251,               0.008251
                     56,                0.50761,                0.49207,                 1.0298,                0.94091,                0.96375,                  0.995,                0.95937,                 0.3733,                 0.3145,                 1.0108,               0.008218,               0.008218,               0.008218
                     57,                0.49846,                0.47986,                 1.0235,                0.96539,                0.96667,                0.97948,                0.96578,                0.33655,                0.21627,                 1.0015,               0.008185,               0.008185,               0.008185
                     58,                 0.5039,                0.47907,                 1.0298,                0.94932,                0.98718,                  0.995,                0.97071,                0.31182,                0.20921,                0.95804,               0.008152,               0.008152,               0.008152
                     59,                 0.5042,                 0.4882,                 1.0252,                0.95038,                0.96667,                0.99341,                0.97248,                0.34475,                0.23184,                 1.0328,               0.008119,               0.008119,               0.008119
                     60,                0.49664,                 0.4734,                 1.0243,                0.97615,                0.97674,                0.98398,                0.96379,                0.32048,                0.23542,                0.95897,               0.008086,               0.008086,               0.008086
                     61,                0.49671,                0.47016,                 1.0237,                0.94207,                0.98239,                0.99262,                0.96525,                0.36067,                0.25751,                 1.0205,               0.008053,               0.008053,               0.008053
                     62,                0.49423,                0.46795,                 1.0207,                0.96295,                0.97907,                0.99421,                0.96932,                0.35026,                0.29587,                0.97081,                0.00802,                0.00802,                0.00802
                     63,                0.49872,                0.47141,                 1.0255,                0.97022,                0.98333,                0.99348,                 0.9752,                   0.37,                0.25671,                 1.0286,               0.007987,               0.007987,               0.007987
                     64,                0.50628,                0.47876,                 1.0306,                0.96739,                      1,                  0.995,                0.97046,                 0.3221,                0.21026,                0.98748,               0.007954,               0.007954,               0.007954
                     65,                0.49649,                0.46291,                 1.0268,                0.96719,                      1,                  0.995,                0.97784,                0.28955,                0.20303,                0.96448,               0.007921,               0.007921,               0.007921
                     66,                0.49854,                0.47225,                 1.0222,                0.98091,                0.97968,                  0.995,                0.98303,                0.24242,                0.20596,                0.89541,               0.007888,               0.007888,               0.007888
                     67,                0.48907,                0.46645,                 1.0166,                 0.9754,                0.99011,                  0.995,                0.96625,                0.33581,                0.24051,                 1.0038,               0.007855,               0.007855,               0.007855
                     68,                0.49365,                0.45449,                 1.0196,                0.96591,                0.95985,                  0.995,                0.98149,                 0.3083,                0.24137,                 0.9461,               0.007822,               0.007822,               0.007822
                     69,                0.49188,                0.46248,                 1.0189,                0.97442,                0.98746,                  0.995,                0.97405,                0.31053,                0.21592,                0.95777,               0.007789,               0.007789,               0.007789
                     70,                0.49802,                0.46767,                 1.0245,                0.98659,                      1,                  0.995,                0.97883,                0.28877,                0.17629,                0.92355,               0.007756,               0.007756,               0.007756
                     71,                0.49022,                0.45672,                 1.0196,                  0.958,                0.97549,                  0.995,                0.97365,                0.34969,                0.23212,                0.98904,               0.007723,               0.007723,               0.007723
                     72,                0.49155,                0.45994,                 1.0175,                0.95522,                0.99755,                  0.995,                0.97651,                0.33857,                0.25981,                0.97545,                0.00769,                0.00769,                0.00769
                     73,                0.48806,                0.45232,                 1.0194,                0.96362,                0.98584,                  0.995,                 0.9656,                0.39152,                0.21685,                  1.047,               0.007657,               0.007657,               0.007657
                     74,                 0.4873,                0.45107,                 1.0134,                0.97276,                0.98713,                  0.995,                0.96549,                0.40013,                0.17523,                 1.0901,               0.007624,               0.007624,               0.007624
                     75,                0.49007,                0.45567,                 1.0171,                0.97086,                0.98792,                  0.995,                0.96272,                0.39332,                0.20809,                 1.0465,               0.007591,               0.007591,               0.007591
                     76,                0.47808,                0.44465,                 1.0137,                0.96108,                0.98417,                  0.995,                0.97912,                0.27745,                0.19224,                0.90863,               0.007558,               0.007558,               0.007558
                     77,                0.48237,                 0.4355,                 1.0123,                0.94949,                      1,                  0.995,                0.96439,                0.37367,                0.21272,                 1.0357,               0.007525,               0.007525,               0.007525
                     78,                0.47849,                0.44493,                 1.0157,                0.94851,                0.99377,                  0.995,                0.97262,                0.31486,                0.20812,                0.94914,               0.007492,               0.007492,               0.007492
                     79,                0.48242,                0.43663,                  1.018,                  0.972,                0.97451,                0.99348,                0.98272,                0.27594,                0.21275,                0.90371,               0.007459,               0.007459,               0.007459
                     80,                0.48284,                0.43728,                 1.0158,                0.96527,                0.98587,                  0.995,                0.96763,                0.30188,                0.19573,                0.94053,               0.007426,               0.007426,               0.007426
                     81,                0.48343,                0.43949,                 1.0117,                0.97249,                0.99056,                  0.995,                0.97208,                0.29905,                0.23271,                0.91464,               0.007393,               0.007393,               0.007393
                     82,                0.47155,                0.42851,                 1.0053,                 0.9543,                0.98218,                  0.995,                0.96485,                0.38449,                0.20315,                 1.0464,                0.00736,                0.00736,                0.00736
                     83,                0.47672,                0.43812,                 1.0107,                0.96734,                 0.9784,                0.99421,                0.98087,                0.27324,                0.20669,                0.90005,               0.007327,               0.007327,               0.007327
                     84,                 0.4803,                0.43842,                 1.0123,                0.95683,                 0.9679,                0.99182,                0.97376,                0.32265,                0.25707,                0.95526,               0.007294,               0.007294,               0.007294
                     85,                0.47654,                0.43256,                 1.0114,                0.95649,                0.98333,                0.99421,                0.98427,                0.27911,                0.21613,                0.91819,               0.007261,               0.007261,               0.007261
                     86,                0.47549,                0.42143,                 1.0065,                0.95503,                0.96667,                0.99341,                0.98729,                0.20696,                0.20428,                0.86024,               0.007228,               0.007228,               0.007228
                     87,                0.47319,                0.42823,                 1.0134,                0.95815,                      1,                  0.995,                0.98627,                0.26781,                0.21193,                0.90751,               0.007195,               0.007195,               0.007195
                     88,                0.46251,                0.41774,                 1.0005,                0.96308,                0.96667,                0.99341,                0.98081,                0.27707,                0.23065,                 0.9177,               0.007162,               0.007162,               0.007162
                     89,                0.47847,                0.42987,                 1.0105,                0.96575,                0.98605,                  0.995,                 0.9883,                0.25091,                0.18335,                0.89662,               0.007129,               0.007129,               0.007129
                     90,                0.47324,                0.42179,                 1.0056,                0.97439,                0.98267,                  0.995,                0.98605,                0.26889,                0.18679,                0.92955,               0.007096,               0.007096,               0.007096
                     91,                0.47101,                0.41915,                 1.0087,                0.97332,                      1,                  0.995,                0.98518,                0.23701,                0.14583,                0.88408,               0.007063,               0.007063,               0.007063
                     92,                0.47424,                0.42772,                  1.013,                0.96878,                0.99288,                  0.995,                0.98169,                 0.2777,                0.17238,                0.91304,                0.00703,                0.00703,                0.00703
                     93,                0.46676,                0.41295,                 1.0031,                 0.9884,                      1,                  0.995,                0.98055,                0.26463,                0.16647,                0.90856,               0.006997,               0.006997,               0.006997
                     94,                 0.4724,                0.42343,                 1.0067,                0.97283,                0.99233,                  0.995,                0.97662,                0.31218,                0.16631,                0.93777,               0.006964,               0.006964,               0.006964
                     95,                0.46446,                0.41021,                 1.0041,                0.98325,                      1,                  0.995,                0.97716,                0.31266,                0.18543,                0.93078,               0.006931,               0.006931,               0.006931
                     96,                0.46781,                0.41858,                 1.0062,                0.98119,                      1,                0.99341,                0.98185,                0.28694,                0.20777,                0.91337,               0.006898,               0.006898,               0.006898
                     97,                0.46427,                0.41233,                  1.006,                0.98727,                0.98333,                0.99421,                0.97603,                0.33098,                0.19148,                0.96596,               0.006865,               0.006865,               0.006865
                     98,                0.46007,                0.40902,                 1.0022,                0.98198,                0.98145,                0.99421,                0.98199,                0.29525,                0.16513,                0.94732,               0.006832,               0.006832,               0.006832
                     99,                0.46552,                0.40711,                0.99992,                0.96463,                0.98333,                0.99421,                0.98266,                0.30772,                 0.1814,                0.94124,               0.006799,               0.006799,               0.006799
                    100,                0.46365,                0.40564,                 1.0033,                0.96603,                      1,                  0.995,                 0.9797,                0.27582,                0.18101,                0.91905,               0.006766,               0.006766,               0.006766
                    101,                0.46042,                0.40293,                0.99991,                0.98145,                      1,                  0.995,                0.97982,                  0.312,                0.17968,                0.97418,               0.006733,               0.006733,               0.006733
                    102,                0.46876,                0.41178,                 1.0072,                0.98588,                0.95783,                0.99341,                0.98345,                0.24563,                 0.1819,                0.89831,                 0.0067,                 0.0067,                 0.0067
                    103,                0.46397,                0.40601,                 1.0055,                0.97266,                0.98332,                0.99033,                0.96779,                0.32904,                 0.2421,                0.93773,               0.006667,               0.006667,               0.006667
                    104,                 0.4605,                 0.4092,                0.99735,                0.96705,                0.99992,                0.99024,                0.96546,                0.38814,                0.25108,                 1.0347,               0.006634,               0.006634,               0.006634
                    105,                0.45579,                0.40427,                0.99664,                0.98419,                0.99697,                  0.995,                0.97641,                0.30126,                0.23939,                0.92749,               0.006601,               0.006601,               0.006601
                    106,                0.46267,                0.40522,                 1.0035,                0.98606,                0.98333,                0.99421,                0.98149,                0.28159,                0.24077,                0.91282,               0.006568,               0.006568,               0.006568
                    107,                0.45911,                0.40404,                0.99863,                0.97325,                0.99096,                  0.995,                 0.9759,                0.35753,                0.26028,                 1.0017,               0.006535,               0.006535,               0.006535
                    108,                0.45699,                0.40282,                 1.0045,                0.97526,                0.99206,                  0.995,                0.97906,                0.34723,                0.23873,                 1.0059,               0.006502,               0.006502,               0.006502
                    109,                0.45554,                0.39924,                0.99893,                 0.9761,                 0.9861,                  0.995,                0.97964,                0.29545,                 0.2329,                0.92058,               0.006469,               0.006469,               0.006469
                    110,                0.45567,                0.39645,                0.99876,                0.97363,                0.98333,                0.99348,                0.97804,                0.26731,                0.21399,                0.89609,               0.006436,               0.006436,               0.006436
                    111,                0.45122,                0.39248,                0.99391,                0.98594,                0.98333,                0.99348,                0.97717,                0.27728,                0.23032,                0.91392,               0.006403,               0.006403,               0.006403
                    112,                0.45335,                 0.3895,                0.99493,                0.98922,                      1,                  0.995,                0.98009,                0.26494,                0.21353,                0.89416,                0.00637,                0.00637,                0.00637
                    113,                0.45705,                0.39972,                      1,                0.99473,                0.98251,                0.99421,                0.98165,                0.25074,                0.21326,                0.88294,               0.006337,               0.006337,               0.006337
                    114,                 0.4561,                0.39752,                0.99969,                0.99032,                  0.994,                  0.995,                0.98098,                0.26833,                0.17793,                0.89666,               0.006304,               0.006304,               0.006304
                    115,                0.45581,                0.38779,                 1.0033,                0.98652,                0.99491,                  0.995,                0.98322,                0.29309,                0.18615,                0.93076,               0.006271,               0.006271,               0.006271
                    116,                0.45285,                0.39364,                0.99943,                0.99351,                0.98705,                  0.995,                0.98254,                 0.2892,                0.17036,                0.92646,               0.006238,               0.006238,               0.006238
                    117,                0.45017,                 0.3906,                0.99562,                0.97591,                0.99347,                  0.995,                0.98319,                0.30616,                0.16262,                0.95192,               0.006205,               0.006205,               0.006205
                    118,                0.44583,                0.38774,                0.98938,                0.98854,                      1,                  0.995,                0.98426,                0.28859,                0.15563,                0.93143,               0.006172,               0.006172,               0.006172
                    119,                 0.4474,                0.38519,                 1.0007,                0.99127,                      1,                  0.995,                0.98575,                0.25555,                0.18306,                0.87851,               0.006139,               0.006139,               0.006139
                    120,                0.45149,                0.38225,                0.99777,                0.98447,                      1,                  0.995,                0.98555,                0.26368,                0.17875,                0.87854,               0.006106,               0.006106,               0.006106
                    121,                0.43711,                0.37832,                0.98938,                0.98643,                      1,                  0.995,                0.98602,                 0.2511,                0.17691,                0.87084,               0.006073,               0.006073,               0.006073
                    122,                0.44777,                 0.3827,                0.99652,                 0.9882,                      1,                  0.995,                0.98885,                0.24041,                0.17249,                0.86867,                0.00604,                0.00604,                0.00604
                    123,                0.45001,                0.38661,                0.99912,                0.98621,                      1,                  0.995,                0.98804,                0.22692,                0.16037,                0.85797,               0.006007,               0.006007,               0.006007
                    124,                0.44645,                 0.3765,                0.99904,                0.98677,                      1,                  0.995,                0.98542,                0.24876,                0.15569,                0.88104,               0.005974,               0.005974,               0.005974
                    125,                0.44231,                0.37702,                 0.9902,                0.98754,                 0.9949,                  0.995,                 0.9837,                0.25742,                0.17242,                0.88905,               0.005941,               0.005941,               0.005941
                    126,                0.44042,                 0.3759,                0.98889,                 0.9861,                0.98333,                0.99421,                0.98288,                0.27405,                0.17659,                0.89908,               0.005908,               0.005908,               0.005908
                    127,                0.44688,                0.37844,                 0.9981,                0.98154,                0.98333,                0.99421,                 0.9799,                0.29231,                0.18146,                0.91146,               0.005875,               0.005875,               0.005875
                    128,                0.44357,                0.37915,                0.99099,                0.99228,                0.97846,                0.99421,                0.98175,                0.29012,                0.19692,                0.91221,               0.005842,               0.005842,               0.005842
                    129,                0.44172,                0.37438,                0.99391,                0.97411,                0.98333,                0.99348,                0.97493,                0.29774,                0.21074,                0.91535,               0.005809,               0.005809,               0.005809
                    130,                0.44028,                 0.3763,                0.99133,                0.97162,                0.98333,                0.99265,                0.98219,                0.27712,                0.21891,                0.89389,               0.005776,               0.005776,               0.005776
                    131,                0.44241,                0.37387,                0.99515,                  0.983,                      1,                0.99341,                 0.9838,                0.27217,                0.20622,                0.89683,               0.005743,               0.005743,               0.005743
                    132,                0.44569,                0.38321,                0.99924,                0.98281,                      1,                0.99262,                0.98183,                0.29169,                0.20066,                0.91509,                0.00571,                0.00571,                0.00571
                    133,                0.43831,                0.36735,                0.99266,                0.98387,                      1,                0.99262,                0.97854,                0.31132,                0.22354,                  0.935,               0.005677,               0.005677,               0.005677
                    134,                0.43234,                0.37074,                0.98765,                0.97952,                      1,                0.99262,                0.97597,                0.35405,                0.24153,                 1.0049,               0.005644,               0.005644,               0.005644
                    135,                0.43293,                0.36693,                0.99118,                0.95154,                      1,                0.99262,                0.97582,                0.35623,                 0.2408,                 1.0151,               0.005611,               0.005611,               0.005611
                    136,                0.43631,                0.36659,                 0.9921,                0.94824,                      1,                0.99183,                0.97663,                0.32603,                0.24982,                  0.974,               0.005578,               0.005578,               0.005578
                    137,                0.43518,                0.37709,                0.98762,                0.95626,                      1,                  0.995,                 0.9807,                0.29651,                0.24331,                0.93056,               0.005545,               0.005545,               0.005545
                    138,                0.43395,                0.36342,                0.99123,                0.95703,                      1,                  0.995,                0.97984,                0.32206,                0.23423,                0.96287,               0.005512,               0.005512,               0.005512
                    139,                0.43469,                0.36836,                0.99426,                0.96646,                      1,                  0.995,                0.97061,                0.42001,                0.22119,                 1.0885,               0.005479,               0.005479,               0.005479
                    140,                0.42757,                0.35799,                0.98258,                0.97658,                0.99996,                  0.995,                0.96763,                0.40774,                0.21147,                 1.0811,               0.005446,               0.005446,               0.005446
                    141,                0.43281,                0.36115,                0.98864,                   0.96,                0.99823,                0.99421,                0.96724,                0.41021,                0.21462,                 1.0763,               0.005413,               0.005413,               0.005413
                    142,                0.43127,                0.35931,                0.98918,                0.97531,                      1,                  0.995,                0.96963,                0.40352,                0.20296,                 1.0998,                0.00538,                0.00538,                0.00538
                    143,                 0.4365,                 0.3715,                0.99275,                0.97625,                0.99573,                  0.995,                0.96846,                0.41269,                0.20412,                  1.102,               0.005347,               0.005347,               0.005347
                    144,                0.42987,                0.36171,                0.98277,                0.98661,                      1,                  0.995,                0.96865,                0.40891,                0.20864,                 1.0815,               0.005314,               0.005314,               0.005314
                    145,                0.42912,                0.35803,                0.98166,                0.98043,                      1,                  0.995,                 0.9709,                0.38488,                 0.2172,                 1.0369,               0.005281,               0.005281,               0.005281
                    146,                0.43463,                  0.355,                0.98575,                0.96952,                      1,                0.99341,                0.97127,                0.37454,                0.20418,                 1.0209,               0.005248,               0.005248,               0.005248
                    147,                0.43264,                0.36308,                0.99094,                0.96823,                      1,                0.99341,                0.97239,                0.35093,                0.18675,                0.99799,               0.005215,               0.005215,               0.005215
                    148,                0.42412,                0.35161,                0.97735,                0.96821,                0.99962,                0.99341,                0.97404,                0.34424,                0.18749,                0.98366,               0.005182,               0.005182,               0.005182
                    149,                0.43083,                0.35583,                0.98262,                0.96841,                0.99931,                0.99421,                0.97424,                0.33739,                0.19013,                0.97763,               0.005149,               0.005149,               0.005149
                    150,                0.42416,                0.34893,                0.98158,                0.97177,                0.98886,                0.99421,                0.97396,                0.33331,                0.19637,                0.97853,               0.005116,               0.005116,               0.005116
                    151,                0.43348,                 0.3645,                0.98903,                0.97151,                0.98426,                0.99421,                0.97514,                 0.3259,                0.19811,                0.97244,               0.005083,               0.005083,               0.005083
                    152,                0.42599,                0.35244,                0.97977,                0.98944,                0.98333,                0.99348,                0.97337,                0.32737,                0.19976,                0.97151,                0.00505,                0.00505,                0.00505
                    153,                0.42773,                0.34722,                0.98272,                0.97023,                0.99314,                0.99421,                 0.9748,                0.32558,                0.20458,                0.97189,               0.005017,               0.005017,               0.005017
                    154,                0.43204,                0.35741,                0.98302,                0.97053,                0.99291,                0.99341,                0.97564,                 0.3253,                0.20891,                0.97308,               0.004984,               0.004984,               0.004984
                    155,                0.42391,                0.34861,                0.98514,                0.98386,                0.99448,                0.99341,                0.97689,                0.31938,                0.19958,                0.96095,               0.004951,               0.004951,               0.004951
                    156,                0.42126,                0.35238,                0.98408,                0.98409,                0.99912,                0.99421,                 0.9762,                0.32175,                0.20238,                0.96824,               0.004918,               0.004918,               0.004918
                    157,                0.42435,                0.35241,                 0.9899,                0.98067,                      1,                0.99421,                0.97587,                0.33706,                0.19132,                0.99169,               0.004885,               0.004885,               0.004885
                    158,                0.42415,                0.35184,                0.98224,                0.98126,                      1,                0.99421,                0.97795,                0.33914,                0.18644,                 1.0011,               0.004852,               0.004852,               0.004852
                    159,                0.41864,                0.34426,                0.98136,                0.98101,                      1,                0.99421,                0.97762,                0.33841,                0.18684,                 1.0066,               0.004819,               0.004819,               0.004819
                    160,                0.42369,                0.34896,                0.98402,                 0.9809,                      1,                0.99421,                0.97762,                0.33962,                0.19226,                 1.0052,               0.004786,               0.004786,               0.004786
                    161,                0.41953,                0.34951,                0.98083,                0.98088,                      1,                0.99421,                0.97642,                0.34298,                 0.1907,                 1.0067,               0.004753,               0.004753,               0.004753
                    162,                0.41617,                0.34471,                0.98231,                0.98061,                      1,                0.99421,                0.97731,                0.34419,                0.18603,                 1.0044,                0.00472,                0.00472,                0.00472
                    163,                0.41946,                0.34367,                0.98488,                      1,                0.99451,                  0.995,                0.97609,                0.34407,                0.18256,                 1.0024,               0.004687,               0.004687,               0.004687
                    164,                0.42124,                0.34687,                0.98033,                      1,                0.99907,                  0.995,                0.97601,                0.34535,                0.18558,                 1.0009,               0.004654,               0.004654,               0.004654
                    165,                0.41556,                0.34043,                0.97933,                0.99999,                      1,                  0.995,                0.97476,                0.34689,                 0.1894,                0.99715,               0.004621,               0.004621,               0.004621
                    166,                0.41948,                0.34382,                 0.9797,                      1,                0.99911,                  0.995,                0.97441,                0.33862,                 0.1838,                0.98406,               0.004588,               0.004588,               0.004588
                    167,                0.42209,                0.34387,                0.98237,                      1,                0.99863,                  0.995,                0.97475,                0.32924,                 0.1778,                0.97283,               0.004555,               0.004555,               0.004555
                    168,                0.41157,                0.33756,                 0.9753,                0.99932,                      1,                  0.995,                0.97485,                0.32888,                0.17277,                 0.9726,               0.004522,               0.004522,               0.004522
                    169,                0.41937,                0.33926,                0.97908,                0.99896,                      1,                  0.995,                0.97466,                0.32957,                0.16701,                0.97332,               0.004489,               0.004489,               0.004489
                    170,                 0.4185,                  0.345,                0.98185,                0.99897,                      1,                  0.995,                0.97506,                0.33047,                 0.1655,                0.97587,               0.004456,               0.004456,               0.004456
                    171,                0.42012,                0.33634,                0.98265,                0.99917,                      1,                  0.995,                0.97527,                0.32707,                0.16391,                0.97231,               0.004423,               0.004423,               0.004423
                    172,                0.41661,                 0.3395,                0.97628,                0.99906,                      1,                  0.995,                0.97496,                0.32408,                0.15677,                0.96994,                0.00439,                0.00439,                0.00439
